insert into employee (super_id, fname, minit, lname, address, city, state, zip, phone, bdate, ssn, jobtitle, username, password) values (1, 'Chiarra', null, 'Cockayme', '92519 Golf View Hill', 'Bakersfield', 'CA', '93305', '661-630-8687', '1982-02-01', '457-92-4681', 'Manager', 'cCockayme','cCockayme');
insert into employee (super_id, fname, minit, lname, address, city, state, zip, phone, bdate, ssn, jobtitle, username, password) values (null, 'Stern', null, 'Ilyinski', '756 Clarendon Pass', 'Lamont', 'CA', '93309', '661-611-0437', '1984-08-05', '653-54-9189', 'Software Specialist','sIlyinski','sIlyinski');
insert into employee (super_id, fname, minit, lname, address, city, state, zip, phone, bdate, ssn, jobtitle, username, password) values (null, 'Claudine', 'Q', 'Cant', '9 Nova Crossing', 'Bakersfield', 'CA', '93303', '661-404-4071', '1970-04-08', '574-90-5145', 'Hardware Specialist','cCant','cCant');
insert into employee (super_id, fname, minit, lname, address, city, state, zip, phone, bdate, ssn, jobtitle, username, password) values (null, 'Maurene', 'O', 'Eddowes', '2 Sunbrook Terrace', 'Bakersfield', 'CA', '93307', '661-308-6540', '1988-03-31', '257-01-7091', 'Hardware Specialist','mEddowes','mEddowes');
insert into employee (super_id, fname, minit, lname, address, city, state, zip, phone, bdate, ssn, jobtitle, username, password) values (null, 'Aidan', null, 'Kyngdon', '635 Elka Point', 'Shafter', 'CA', '93312', '661-895-2087', '1975-01-07', '855-53-7378', 'Software Specialist','aKyngdon','aKyngdon');
insert into employee (super_id, fname, minit, lname, address, city, state, zip, phone, bdate, ssn, jobtitle, username, password) values (2, 'Angeli', null, 'Egarr', '96 Kedzie Street', 'Bakersfield', 'CA', '93314', '661-292-8161', '1978-01-02', '448-05-8083', 'Manager','AEgarr','AEgarr');
insert into employee (super_id, fname, minit, lname, address, city, state, zip, phone, bdate, ssn, jobtitle, username, password) values (null, 'Moshe', null, 'Cockrem', '2 Burning Wood Crossing', 'Taft', 'CA', '93311', '661-528-0140', '1973-08-08', '509-11-7349', 'Hardware Specialist','mCockrem','mCockrem');
insert into employee (super_id, fname, minit, lname, address, city, state, zip, phone, bdate, ssn, jobtitle, username, password) values (null, 'Christoph', 'T', 'Mouat', '4230 Brickson Park Point', 'Delano', 'CA', '93315', '661-632-8439', '1983-06-06', '178-63-4208', 'Software Specialist','cMouat','cMouat');
insert into employee (super_id, fname, minit, lname, address, city, state, zip, phone, bdate, ssn, jobtitle, username, password) values (null, 'Wallas', null, 'Merrgan', '6 Shelley Avenue', 'Bakersfield', 'CA', '93308', '661-376-2767', '1980-09-07', '828-94-4597', 'Hardware Specialist','wMerrgan','wMerrgan');
insert into employee (super_id, fname, minit, lname, address, city, state, zip, phone, bdate, ssn, jobtitle, username, password) values (null, 'Dunstan', null, 'Redgrove', '0564 Fuller Pass', 'Bakersfield', 'CA', '93304', '661-173-1731', '1976-03-19', '450-76-8487', 'Hardware Specialist','dRedgrove','dRedgrove');
insert into employee (super_id, fname, minit, lname, address, city, state, zip, phone, bdate, ssn, jobtitle, username, password) values (null, 'Kimberlyn', null, 'Bilbrey', '504 Center Pass', 'Taft', 'CA', '95160', '661-485-9443', '1987-03-24', '687-60-0965', 'Software Specialist','kBilbrey','kBilbrey');
insert into employee (super_id, fname, minit, lname, address, city, state, zip, phone, bdate, ssn, jobtitle, username, password) values (null, 'Bobette', null, 'de Juares', '8346 Novick Point', 'Tehachapi', 'CA', '93773', '661-937-4187', '1975-07-05', '795-87-4426', 'Hardware Specialist','bDeJuares','bDeJuares');
insert into employee (super_id, fname, minit, lname, address, city, state, zip, phone, bdate, ssn, jobtitle, username, password) values (3, 'Enoch', null, 'Ricciardelli', '8174 Spohn Parkway', 'Shafter', 'CA', '90050', '661-782-8210', '1985-07-29', '484-33-9491', 'Manager','eRicciardelli','eRicciardelli');
insert into employee (super_id, fname, minit, lname, address, city, state, zip, phone, bdate, ssn, jobtitle, username, password) values (null, 'Glynda', null, 'Farress', '7 Ronald Regan Junction', 'Delano', 'CA', '93305', '661-334-9425', '1982-11-27', '479-93-5571', 'Hardware Specialist','gFarress','gFarress');
insert into employee (super_id, fname, minit, lname, address, city, state, zip, phone, bdate, ssn, jobtitle, username, password) values (null, 'Babara', 'H', 'Yegorev', '8619 Messerschmidt Alley', 'Arvin', 'CA', '92612', '661-853-1565', '1983-10-18', '732-11-7784', 'Hardware Specialist','bYegorev','bYegorev');
insert into employee (super_id, fname, minit, lname, address, city, state, zip, phone, bdate, ssn, jobtitle, username, password) values (null, 'Morgana', null, 'Siddell', '31993 Vermont Parkway', 'Bakersfield', 'CA', '93381', '661-163-7432', '1985-02-05', '377-99-5466', 'Customer Support','mSiddell','mSiddell');
insert into employee (super_id, fname, minit, lname, address, city, state, zip, phone, bdate, ssn, jobtitle, username, password) values (null, 'Hannah', null, 'Busch', '31994 Trailer Parkway', 'Bakersfield', 'CA', '93309', '661-163-1008', '1985-02-05', '377-99-5464', 'Customer Support','hBusch','hBusch');
insert into employee (super_id, fname, minit, lname, address, city, state, zip, phone, bdate, ssn, jobtitle, username, password) values (null, 'Adam', null, 'Gottem', '1806 Larcus Ave', 'Bakersfield', 'CA', '93307', '661-325-8020', '1990-05-05', '340-12-0803', 'Customer Support','AGottem','AGottem');
insert into employee (super_id, fname, minit, lname, address, city, state, zip, phone, bdate, ssn, jobtitle, username, password) values (null, 'Mary', null, 'Becker', '1500 Stine Rd', 'Bakersfield', 'CA', '93308', '661-123-3221', '1980-09-12', '301-09-1090', 'Customer Support','mBecker','mBecker');
insert into employee (super_id, fname, minit, lname, address, city, state, zip, phone, bdate, ssn, jobtitle, username, password) values (null, 'Edgar', null, 'Castillo', '300 Niles Ave', 'Bakersfield', 'CA', '93305', '661-411-0990', '1992-12-01', '920-08-1021', 'Customer Support','eCastillo','eCastillo');
insert into employee (super_id, fname, minit, lname, address, city, state, zip, phone, bdate, ssn, jobtitle, username, password) values (null, 'Dick', null, 'Robers', '900 Tilted Towers Ft', 'Bakersfield', 'CA', '93307', '661-401-3241', '1984-01-19', '340-12-0901', 'Customer Support','dRobers','dRobers');
insert into employee (super_id, fname, minit, lname, address, city, state, zip, phone, bdate, ssn, jobtitle, username, password) values (null, 'Pepe', null, 'Rana', '101 Parkway Dr', 'Bakersfield', 'CA', '93303', '661-525-1010', '1992-09-04', '800-28-8997', 'Hardware Specialist','pRana','pRana');
insert into employee (super_id, fname, minit, lname, address, city, state, zip, phone, bdate, ssn, jobtitle, username, password) values (null, 'Joaquin', null, 'Guzman', '100 Niles Ave', 'Bakersfield', 'CA', '93305', '661-411-0990', '1981-02-11', '110-04-3100', 'Software Specialist','jGuzman','jGuzman');
insert into employee (super_id, fname, minit, lname, address, city, state, zip, phone, bdate, ssn, jobtitle, username, password) values (null, 'Charlie', null, 'Parra', '901 Lake Ave', 'Bakersfield', 'CA', '93307', '661-323-0101', '1971-11-19', '908-01-9090', 'Hardware Specialist','cParra','cParra');

insert into customer (username, password, fname, minit, lname, address, city, state, zip, phone, email) values ('fcelloni0', 'CE3kzGu', 'Falito', 'Y', 'Celloni', '7 5th Street', 'Dallas', 'TX', '75353', '214-872-7789','falito@gmail.com');
insert into customer (username, password, fname, minit, lname, address, city, state, zip, phone, email) values ('bhassell1', 'cBrBN2zgo', 'Budd', null, 'Hassell', '189 Evergreen Junction', 'Las Vegas', 'NV', '89145', '702-575-7544','budd@gmail.com');
insert into customer (username, password, fname, minit, lname, address, city, state, zip, phone, email) values ('cgecke2', '7b3ouFfNf', 'Conney', null, 'Gecke', '67571 Brown Place', 'Rochester', 'NY', '14604', '585-623-2940','conney@gmail.com');
insert into customer (username, password, fname, minit, lname, address, city, state, zip, phone, email) values ('sforsbey3', '2KEnlXb3mWF', 'Suzi', 'V', 'Forsbey', '6 Fallview Terrace', 'Bronx', 'NY', '10474', '718-287-4748','major@gmail.com');
insert into customer (username, password, fname, minit, lname, address, city, state, zip, phone, email) values ('mtanslie4', '9dYr5uAURB', 'Major', null, 'Tanslie', '9421 Homewood Avenue', 'New York City', 'NY', '10150', '212-978-5925','tanslie@gmail.com');
insert into customer (username, password, fname, minit, lname, address, city, state, zip, phone, email) values ('dcamblin5', 'E68Dds', 'Darice', null, 'Camblin', '559 Meadow Ridge Place', 'North Hollywood', 'CA', '91616', '213-620-0410','darice@gmail.com');
insert into customer (username, password, fname, minit, lname, address, city, state, zip, phone, email) values ('bmaceveley6', 'x0p6SzGM', 'Babara', 'K', 'MacEveley', '7 Sloan Place', 'Arlington', 'TX', '76096', '214-909-5107','babara@gmail.com');
insert into customer (username, password, fname, minit, lname, address, city, state, zip, phone, email) values ('mdorn7', 'eWKdDYfa', 'John', null, 'Doe', '66824 Glendale Drive', 'Bakersfield', 'CA', '93305', '661-783-9461','john@gmail.com');
insert into customer (username, password, fname, minit, lname, address, city, state, zip, phone, email) values ('hsidery8', 'ZQdWYdcmj', 'Hersch', null, 'Sidery', '25 Evergreen Drive', 'Dallas', 'TX', '75205', '469-983-9782','hersch@gmail.com');
insert into customer (username, password, fname, minit, lname, address, city, state, zip, phone, email) values ('pparfett9', '06lORwWKiLv', 'Philly', null, 'Parfett', '4 Memorial Terrace', 'Pomona', 'CA', '91797', '909-861-7093','philly@gmail.com');
insert into customer (username, password, fname, minit, lname, address, city, state, zip, phone, email) values ('ecoxwella', 'sRyVnyYySK', 'Ethelda', 'B', 'Coxwell', '299 Sullivan Terrace', 'San Francisco', 'CA', '94164', '415-836-3583','ethelda@gmail.com');
insert into customer (username, password, fname, minit, lname, address, city, state, zip, phone, email) values ('mpoynerb', 'MDcRhCxAjU0Z', 'Miran', null, 'Poyner', '1 Homewood Place', 'San Jose', 'CA', '95133', '408-599-2796','miran@gmail.com');
insert into customer (username, password, fname, minit, lname, address, city, state, zip, phone, email) values ('ebertsonc', '0AbnnD2D', 'Electra', null, 'Bertson', '7 Granby Crossing', 'Wichita Falls', 'TX', '76310', '940-213-9407','electra@gmail.com');
insert into customer (username, password, fname, minit, lname, address, city, state, zip, phone, email) values ('wmilned', 'oJzYli', 'Wilt', null, 'Milne', '7 Michigan Park', 'Plano', 'TX', '75074', '972-390-9153', 'wilt@gmail.com');
insert into customer (username, password, fname, minit, lname, address, city, state, zip, phone, email) values ('gperschkee', 't9kPfpI1Cr', 'Gian', null, 'Perschke', '8578 Golf View Lane', 'San Jose', 'CA', '95173', '408-491-9674','gian@gmail.com');
insert into customer (username, password, fname, minit, lname, address, city, state, zip, phone, email) values ('melcoatf', 'FPBOQ3', 'Myrta', null, 'Elcoat', '081 Lunder Drive', 'Fort Worth', 'TX', '76178', '682-984-1754', 'myrta@gmail.com');
insert into customer (username, password, fname, minit, lname, address, city, state, zip, phone, email) values ('jdoe', 'Udx90zC', 'John', null, 'Doe', '075 Lunder Drive', 'Fort Worth', 'TX', '76175', '682-984-1750', 'jdoe@gmail.com');

insert into equipment (cust_id, submit_date, address, city, state, zip) values (1, '2018-03-01', '7 5th Street', 'Dallas', 'TX', '75353');
insert into equipment (cust_id, submit_date, address, city, state, zip) values (2, '2018-03-03', '189 Evergreen Junction', 'Las Vegas', 'NV', '89145');
insert into equipment (cust_id, submit_date, address, city, state, zip) values (3, '2018-03-04', '67571 Brown Place', 'Rochester', 'NY', '14604');
insert into equipment (cust_id, submit_date, address, city, state, zip) values (4, '2018-03-11', '6 Fallview Terrace', 'Bronx', 'NY', '10474');
insert into equipment (cust_id, submit_date, address, city, state, zip) values (5, '2018-03-14', '9421 Homewood Avenue', 'New York City', 'NY', '10150');
insert into equipment (cust_id, submit_date, address, city, state, zip) values (6, '2018-03-18', '559 Meadow Ridge Place', 'North Hollywood', 'CA', '91616');
insert into equipment (cust_id, submit_date, address, city, state, zip) values (7, '2018-03-19', '7 Sloan Place', 'Arlington', 'TX', '76096');
insert into equipment (cust_id, submit_date, address, city, state, zip) values (8, '2018-03-21', '66824 Glendale Drive', 'Bakersfield', 'CA', '93305');
insert into equipment (cust_id, submit_date, address, city, state, zip) values (9, '2018-03-22', '25 Evergreen Drive', 'Dallas', 'TX', '75205');
insert into equipment (cust_id, submit_date, address, city, state, zip) values (10, '2018-03-23', '4 Memorial Terrace', 'Pomona', 'CA', '91797');
insert into equipment (cust_id, submit_date, address, city, state, zip) values (11, '2018-03-24', '36585 Village Point', 'Austin', 'TX', '78749');
insert into equipment (cust_id, submit_date, address, city, state, zip) values (12, '2018-03-25', '29574 Donald Center', 'Bakersfield', 'CA', '93311');
insert into equipment (cust_id, submit_date, address, city, state, zip) values (13, '2018-03-27', '94078 Thompson Center', 'Fullerton', 'CA', '92640');
insert into equipment (cust_id, submit_date, address, city, state, zip) values (14, '2018-04-01', '7 Brown Junction', 'Pompano Beach', 'FL', '33069');
insert into equipment (cust_id, submit_date, address, city, state, zip) values (15, '2018-04-02', '5598 Mallard Point', 'Kansas City', 'MO', '64130');
insert into equipment (cust_id, submit_date, address, city, state, zip) values (16, '2018-04-04', '0600 1st Terrace', 'Fort Worth', 'TX', '76105');
insert into equipment (cust_id, submit_date, address, city, state, zip) values (1, '2018-04-05', '7 Charing Cross Court', 'Atlanta', 'GA', '30368');
insert into equipment (cust_id, submit_date, address, city, state, zip) values (2, '2018-04-06', '8508 Meadow Vale Point', 'Honolulu', 'HI', '96850');
insert into equipment (cust_id, submit_date, address, city, state, zip) values (3, '2018-04-06', '4 Gale Avenue', 'Scranton', 'PA', '18505');
insert into equipment (cust_id, submit_date, address, city, state, zip) values (4, '2018-04-07', '48663 Forest Terrace', 'Portland', 'OR', '97216');
insert into equipment (cust_id, submit_date, address, city, state, zip) values (5, '2018-04-08', '51 Reinke Crossing', 'Wichita', 'KS', '67236');
insert into equipment (cust_id, submit_date, address, city, state, zip) values (6, '2018-04-12', '092 Dixon Junction', 'Phoenix', 'AZ', '85015');
insert into equipment (cust_id, submit_date, address, city, state, zip) values (7, '2018-04-12', '27517 Mayer Pass', 'Detroit', 'MI', '48224');
insert into equipment (cust_id, submit_date, address, city, state, zip) values (8, '2018-04-13', '9615 Westport Drive', 'Omaha', 'NE', '68134');
insert into equipment (cust_id, submit_date, address, city, state, zip) values (9, '2018-04-15', '1114 Scott Court', 'El Paso', 'TX', '79923');
insert into equipment (cust_id, submit_date, address, city, state, zip) values (10, '2018-04-17', '75045 School Place', 'Fredericksburg', 'VA', '22405');
insert into equipment (cust_id, submit_date, address, city, state, zip) values (11, '2018-04-20', '0 Debra Lane', 'Rockford', 'IL', '61110');
insert into equipment (cust_id, submit_date, address, city, state, zip) values (12, '2018-04-22', '57 Caliangt Alley', 'North Hollywood', 'CA', '91616');
insert into equipment (cust_id, submit_date, address, city, state, zip) values (13, '2018-04-22', '2545 Pawling Crossing', 'Chicago', 'IL', '60646');
insert into equipment (cust_id, submit_date, address, city, state, zip) values (14, '2018-04-22', '8682 Butternut Circle', 'Lynchburg', 'VA', '24503');
insert into equipment (cust_id, submit_date, address, city, state, zip) values (17, '2018-04-24', '075 Lunder Drive', 'Fort Worth', 'TX', '76175');

insert into customer_problem (comp_id, emp_id, submit_date, review_date, status, description) values (1,  20, '2018-03-01', '2018-03-04', 'ACCEPTED', 'My computer crashes every time I try to COMPLETED a program then a blue screen with an error code appears');
insert into customer_problem (comp_id, emp_id, submit_date, review_date, status, description) values (2,  19, '2018-03-03', '2018-03-04', 'ACCEPTED', 'Random ads pop up all over the screen whenever I try using Chrome and it slows down my computer');
insert into customer_problem (comp_id, emp_id, submit_date, review_date, status, description) values (3,  20, '2018-03-04', '2018-03-06', 'ACCEPTED', 'Computer won''t turn on but the fans and lights turn on');
insert into customer_problem (comp_id, emp_id, submit_date, review_date, status, description) values (4,  19, '2018-03-12', '2018-03-15', 'ACCEPTED', 'Screen went black when I was playing video games and now it won''t turn on at all');
insert into customer_problem (comp_id, emp_id, submit_date, review_date, status, description) values (5,  18, '2018-03-15', '2018-03-17', 'ACCEPTED', 'There is a program asking for money every time I start my computer');
insert into customer_problem (comp_id, emp_id, submit_date, review_date, status, description) values (6,  20, '2018-03-18', '2018-03-20', 'ACCEPTED', 'Computer freezes when I log into my Windows 8 account');
insert into customer_problem (comp_id, emp_id, submit_date, review_date, status, description) values (7,  17, '2018-03-20', '2018-03-22', 'ACCEPTED', 'Computer randomly showed an error on screen saying something was wrong with some components');
insert into customer_problem (comp_id, emp_id, submit_date, review_date, status, description) values (8,  16, '2018-03-25', '2018-03-27', 'ACCEPTED', 'Every time I store new files in my PC they become corrupted');
insert into customer_problem (comp_id, emp_id, submit_date, review_date, status, description) values (9,  19, '2018-03-01', '2018-03-03', 'ACCEPTED', 'PC no longer boots to Windows screen and a black screen with boot options shows up');
insert into customer_problem (comp_id, emp_id, submit_date, review_date, status, description) values (10, 20, '2018-03-27', '2018-03-29', 'ACCEPTED', 'Computer or monitor does not detect any video output from video card.');
insert into customer_problem (comp_id, emp_id, submit_date, review_date, status, description) values (11, 16, '2018-03-29', '2018-03-31', 'ACCEPTED', 'My computer crashes every time I try to COMPLETED a program then a blue screen with an error code appears');
insert into customer_problem (comp_id, emp_id, submit_date, review_date, status, description) values (12, 18, '2018-03-28', '2018-03-31', 'ACCEPTED', 'Random ads pop up all over the screen whenever I try using Chrome and it slows down my computer');
insert into customer_problem (comp_id, emp_id, submit_date, review_date, status, description) values (13, 20, '2018-03-31', '2018-04-03', 'ACCEPTED', 'Computer won''t turn on but the fans and lights turn on');
insert into customer_problem (comp_id, emp_id, submit_date, review_date, status, description) values (14, 21, '2018-04-05', '2018-04-06', 'ACCEPTED', 'Screen went black when I was playing video games and now it won''t turn on at all');
insert into customer_problem (comp_id, emp_id, submit_date, review_date, status, description) values (15, 19, '2018-04-06', '2018-04-08', 'ACCEPTED', 'There is a program asking for money every time I start my computer');
insert into customer_problem (comp_id, emp_id, submit_date, review_date, status, description) values (16, 21, '2018-04-06', '2018-04-09', 'ACCEPTED', 'Computer freezes when I log into my Windows 8 account');
insert into customer_problem (comp_id, emp_id, submit_date, review_date, status, description) values (17, 18, '2018-04-09', '2018-04-10', 'ACCEPTED', 'Computer randomly showed an error on screen saying something was wrong with some components');
insert into customer_problem (comp_id, emp_id, submit_date, review_date, status, description) values (18, 16, '2018-04-08', '2018-04-11', 'ACCEPTED', 'Every time I store new files in my PC they become corrupted');
insert into customer_problem (comp_id, emp_id, submit_date, review_date, status, description) values (19, 17, '2018-04-09', '2018-04-11', 'ACCEPTED', 'PC no longer boots to Windows screen and a black screen with boot options shows up');
insert into customer_problem (comp_id, emp_id, submit_date, review_date, status, description) values (20, 17, '2018-04-10', '2018-04-11', 'ACCEPTED', 'Computer or monitor does not detect any video output from video card.');
insert into customer_problem (comp_id, emp_id, submit_date, review_date, status, description) values (21, 20, '2018-04-11', '2018-04-13', 'ACCEPTED', 'My computer crashes every time I try to COMPLETED a program then a blue screen with an error code appears');
insert into customer_problem (comp_id, emp_id, submit_date, review_date, status, description) values (22, 21, '2018-04-14', '2018-04-15', 'ACCEPTED', 'Random ads pop up all over the screen whenever I try using Chrome and it slows down my computer');
insert into customer_problem (comp_id, emp_id, submit_date, review_date, status, description) values (23, 20, '2018-04-16', '2018-04-18', 'ACCEPTED', 'Computer won''t turn on but the fans and lights turn on');
insert into customer_problem (comp_id, emp_id, submit_date, review_date, status, description) values (24, 16, '2018-04-16', '2018-04-18', 'ACCEPTED', 'Screen went black when I was playing video games and now it won''t turn on at all');
insert into customer_problem (comp_id, emp_id, submit_date, review_date, status, description) values (25, 17, '2018-04-18', '2018-04-19', 'ACCEPTED', 'There is a program asking for money every time I start my computer');
insert into customer_problem (comp_id, emp_id, submit_date, review_date, status, description) values (26, 20, '2018-04-21', '2018-04-21', 'ACCEPTED', 'Computer freezes when I log into my Windows 8 account');
insert into customer_problem (comp_id, emp_id, submit_date, review_date, status, description) values (27, 19, '2018-04-24', '2018-04-25', 'ACCEPTED', 'Computer randomly showed an error on screen saying something was wrong with some components');
insert into customer_problem (comp_id, emp_id, submit_date, review_date, status, description) values (28, 17, '2018-04-23', '2018-04-26', 'ACCEPTED', 'Every time I store new files in my PC they become corrupted');
insert into customer_problem (comp_id, emp_id, submit_date, review_date, status, description) values (29, 21, '2018-04-26', '2018-04-27', 'ACCEPTED', 'PC no longer boots to Windows screen and a black screen with boot options shows up');
insert into customer_problem (comp_id, emp_id, submit_date, review_date, status, description) values (30, 20, '2018-04-26', '2018-04-28', 'ACCEPTED', 'Screen went black when I was playing video games and now it won''t turn on at all');
insert into customer_problem (comp_id, emp_id, submit_date, review_date, status, description) values (31, 20, '2018-04-27', '2018-04-27', 'ACCEPTED', 'Computer won''t turn on but the fans and lights turn on');

insert into ticket (problem_id, status, type, description, return_label) values (1,  'COMPLETED', 'HW', 'Customer''s computer shows sign of a faulty PSU and would need a new one', '92748927005044000024814361');
insert into ticket (problem_id, status, type, description, return_label) values (2,  'COMPLETED', 'SW', 'The computer is infected with multiple viruses and may need to be reset completely', '92748927005044000024437102');
insert into ticket (problem_id, status, type, description, return_label) values (3,  'COMPLETED', 'HW', 'The PC has an issue where the motherboard doesn''t detect USB devices at random', '92748927005044000024252798');
insert into ticket (problem_id, status, type, description, return_label) values (4,  'COMPLETED', 'HW', 'Faulty hard drive most likely but further testing will be needed', '4287211434');
insert into ticket (problem_id, status, type, description, return_label) values (5,  'COMPLETED', 'HW', 'GPU seems to be showing artifacts on screen and is possibly fried', '771895917324');
insert into ticket (problem_id, status, type, description, return_label) values (6,  'COMPLETED', 'SW/HW', 'PC doesn''t turn on every time;may need  a new OS if corrupt', '92748927005044000023863728');
insert into ticket (problem_id, status, type, description, return_label) values (7,  'COMPLETED', 'SW/HW', 'Computer is infected with ransomware and needs to be wiped', '17430181071743018106');
insert into ticket (problem_id, status, type, description, return_label) values (8,  'COMPLETED', 'HW', 'Customer''s computer shows sign of a faulty PSU and would need a new one', '1Z5100XF0350976013');
insert into ticket (problem_id, status, type, description, return_label) values (9,  'COMPLETED', 'SW', 'The computer is infected with multiple viruses and may need to be reset completely', '1Z4725280368586730');
insert into ticket (problem_id, status, type, description, return_label) values (10, 'COMPLETED', 'HW', 'The PC has an issue where the motherboard doesn''t detect USB devices at random', '96110192807178001192');
insert into ticket (problem_id, status, type, description, return_label) values (11, 'COMPLETED', 'HW', 'Faulty hard drive most likely but further testing will be needed', '92612927005044000023404598');
insert into ticket (problem_id, status, type, description, return_label) values (12, 'COMPLETED', 'HW', 'GPU seems to be showing artifacts on screen and is possibly fried', '1ZY6Y235YW06371676');
insert into ticket (problem_id, status, type, description, return_label) values (13, 'COMPLETED', 'SW/HW', 'PC doesn''t turn on every time;may need  a new OS if corrupt', '92748927005044000024256208');
insert into ticket (problem_id, status, type, description, return_label) values (14, 'COMPLETED', 'SW/HW', 'Computer is infected with ransomware and needs to be wiped', '92748927005044000024318548');
insert into ticket (problem_id, status, type, description, return_label) values (15, 'COMPLETED', 'SW', 'Customer''s computer shows sign of a faulty PSU and would need a new one', '9261292700504400024404917');
insert into ticket (problem_id, status, type, description, return_label) values (16, 'COMPLETED', 'SW', 'The computer is infected with multiple viruses and may need to be reset completely', '9534610591348093217344');
insert into ticket (problem_id, status, type, description, return_label) values (17, 'COMPLETED', 'HW', 'The PC has an issue where the motherboard doesn''t detect USB devices at random', '92612927005044000024795497');
insert into ticket (problem_id, status, type, description, return_label) values (18, 'COMPLETED', 'HW', 'Faulty hard drive most likely but further testing will be needed', '92612927005044000024427251');
insert into ticket (problem_id, status, type, description, return_label) values (19, 'COMPLETED', 'HW', 'GPU seems to be showing artifacts on screen and is possibly fried', '92612927005044000024710803');
insert into ticket (problem_id, status, type, description, return_label) values (20, 'COMPLETED', 'SW/HW', 'PC doesn''t turn on every time;may need  a new OS if corrupt', '1ZW6253X0392178187');
insert into ticket (problem_id, status, type, description, return_label) values (21, 'COMPLETED', 'SW', 'Computer is infected with ransomware and needs to be wiped', '92748927005044000024631494');
insert into ticket (problem_id, status, type, description, return_label) values (22, 'COMPLETED', 'SW', 'Customer''s computer shows sign of a faulty PSU and would need a new one', '92612927005044000024120336');
insert into ticket (problem_id, status, type, description, return_label) values (23, 'COMPLETED', 'SW', 'The computer is infected with multiple viruses and may need to be reset completely', '9400115902256340284894');
insert into ticket (problem_id, status, type, description, return_label) values (24, 'COMPLETED', 'HW', 'The PC has an issue where the motherboard doesn''t detect USB devices at random', '927489270050441110020');
insert into ticket (problem_id, status, type, description, return_label) values (25, 'COMPLETED', 'HW', 'Faulty hard drive most likely but further testing will be needed', '1ZW6253X03921780010');
insert into ticket (problem_id, status, type, description, return_label) values (26, 'COMPLETED', 'HW', 'GPU seems to be showing artifacts on screen and is possibly fried', '1ZY6Y235YW0637000');
insert into ticket (problem_id, status, type, description, return_label) values (27, 'COMPLETED', 'SW/HW', 'PC doesn''t turn on every time;may need  a new OS if corrupt', '1ZY6Y235YW06MN102');
insert into ticket (problem_id, status, type, description, return_label) values (28, 'COMPLETED', 'SW', 'Computer is infected with ransomware and needs to be wiped', '1ZW6253X0YZ0192');
insert into ticket (problem_id, status, type, description, return_label) values (29, 'COMPLETED', 'HW', 'Customer''s computer shows sign of a faulty PSU and would need a new one', '1ZY6Y235YW064410');
insert into ticket (problem_id, status, type, description, return_label) values (30, 'COMPLETED', 'HW', 'GPU seems to be showing artifacts on screen and is possibly fried', '1ZY00024524795');
insert into ticket (problem_id, status, type, description, return_label) values (31, 'COMPLETED', 'SW', 'The computer is infected with multiple viruses and may need to be reset completely', '92748927005044000024437102');

insert into work_on (ticket_id, emp_id, start_date, end_date) values (1,22,'2018-03-03','2018-03-06');
insert into work_on (ticket_id, emp_id, start_date, end_date) values (2,2,'2018-03-05','2018-03-08');
insert into work_on (ticket_id, emp_id, start_date, end_date) values (3,3,'2018-03-06','2018-03-09');
insert into work_on (ticket_id, emp_id, start_date, end_date) values (4,4,'2018-03-14','2018-03-17');
insert into work_on (ticket_id, emp_id, start_date, end_date) values (5,5,'2018-03-17','2018-03-20');
insert into work_on (ticket_id, emp_id, start_date, end_date) values (6,23,'2018-03-20','2018-03-23');
insert into work_on (ticket_id, emp_id, start_date, end_date) values (7,7,'2018-03-22','2018-03-25');
insert into work_on (ticket_id, emp_id, start_date, end_date) values (8,8,'2018-03-27','2018-03-30');
insert into work_on (ticket_id, emp_id, start_date, end_date) values (9,9,'2018-03-03','2018-03-06');
insert into work_on (ticket_id, emp_id, start_date, end_date) values (10,10,'2018-03-29','2018-04-01');
insert into work_on (ticket_id, emp_id, start_date, end_date) values (11,11,'2018-03-31','2018-04-03');
insert into work_on (ticket_id, emp_id, start_date, end_date) values (12,12,'2018-03-30','2018-04-02');
insert into work_on (ticket_id, emp_id, start_date, end_date) values (13,24,'2018-04-02','2018-04-05');
insert into work_on (ticket_id, emp_id, start_date, end_date) values (14,14,'2018-04-07','2018-04-10');
insert into work_on (ticket_id, emp_id, start_date, end_date) values (15,15,'2018-04-08','2018-04-11');
insert into work_on (ticket_id, emp_id, start_date, end_date) values (16,16,'2018-04-08','2018-04-11');
insert into work_on (ticket_id, emp_id, start_date, end_date) values (17,22,'2018-04-11','2018-04-14');
insert into work_on (ticket_id, emp_id, start_date, end_date) values (18,2,'2018-04-10','2018-04-13');
insert into work_on (ticket_id, emp_id, start_date, end_date) values (19,3,'2018-04-11','2018-04-14');
insert into work_on (ticket_id, emp_id, start_date, end_date) values (20,4,'2018-04-12','2018-04-15');
insert into work_on (ticket_id, emp_id, start_date, end_date) values (21,5,'2018-04-13','2018-04-16');
insert into work_on (ticket_id, emp_id, start_date, end_date) values (22,22,'2018-04-16','2018-04-19');
insert into work_on (ticket_id, emp_id, start_date, end_date) values (23,7,'2018-04-18','2018-04-21');
insert into work_on (ticket_id, emp_id, start_date, end_date) values (24,8,'2018-04-18','2018-04-21');
insert into work_on (ticket_id, emp_id, start_date, end_date) values (25,9,'2018-04-20','2018-04-23');
insert into work_on (ticket_id, emp_id, start_date, end_date) values (26,10,'2018-04-23','2018-04-26');
insert into work_on (ticket_id, emp_id, start_date, end_date) values (27,11,'2018-04-26','2018-04-29');
insert into work_on (ticket_id, emp_id, start_date, end_date) values (28,12,'2018-04-25','2018-04-28');
insert into work_on (ticket_id, emp_id, start_date, end_date) values (29,24,'2018-04-28','2018-05-01');
insert into work_on (ticket_id, emp_id, start_date, end_date) values (30,14,'2018-04-27','2018-04-30');
insert into work_on (ticket_id, emp_id, start_date, end_date) values (1,16,'2018-03-03','2018-03-06');
insert into work_on (ticket_id, emp_id, start_date, end_date) values (2,15,'2018-03-05','2018-03-08');
insert into work_on (ticket_id, emp_id, start_date, end_date) values (3,14,'2018-03-06','2018-03-09');
insert into work_on (ticket_id, emp_id, start_date, end_date) values (4,24,'2018-03-14','2018-03-17');
insert into work_on (ticket_id, emp_id, start_date, end_date) values (5,12,'2018-03-17','2018-03-20');
insert into work_on (ticket_id, emp_id, start_date, end_date) values (6,11,'2018-03-20','2018-03-23');
insert into work_on (ticket_id, emp_id, start_date, end_date) values (7,10,'2018-03-22','2018-03-25');
insert into work_on (ticket_id, emp_id, start_date, end_date) values (8,9,'2018-03-27','2018-03-30');
insert into work_on (ticket_id, emp_id, start_date, end_date) values (9,8,'2018-03-03','2018-03-06');
insert into work_on (ticket_id, emp_id, start_date, end_date) values (10,7,'2018-03-29','2018-04-01');
insert into work_on (ticket_id, emp_id, start_date, end_date) values (11,23,'2018-03-31','2018-04-03');
insert into work_on (ticket_id, emp_id, start_date, end_date) values (12,5,'2018-03-30','2018-04-02');
insert into work_on (ticket_id, emp_id, start_date, end_date) values (13,4,'2018-04-02','2018-04-05');
insert into work_on (ticket_id, emp_id, start_date, end_date) values (14,3,'2018-04-07','2018-04-10');
insert into work_on (ticket_id, emp_id, start_date, end_date) values (15,2,'2018-04-08','2018-04-11');
insert into work_on (ticket_id, emp_id, start_date, end_date) values (16,22,'2018-04-08','2018-04-11');
insert into work_on (ticket_id, emp_id, start_date, end_date) values (17,14,'2018-04-11','2018-04-14');
insert into work_on (ticket_id, emp_id, start_date, end_date) values (18,15,'2018-04-10','2018-04-13');
insert into work_on (ticket_id, emp_id, start_date, end_date) values (19,14,'2018-04-11','2018-04-14');
insert into work_on (ticket_id, emp_id, start_date, end_date) values (20,24,'2018-04-12','2018-04-15');
insert into work_on (ticket_id, emp_id, start_date, end_date) values (21,12,'2018-04-13','2018-04-16');
insert into work_on (ticket_id, emp_id, start_date, end_date) values (22,11,'2018-04-16','2018-04-19');
insert into work_on (ticket_id, emp_id, start_date, end_date) values (23,10,'2018-04-18','2018-04-21');
insert into work_on (ticket_id, emp_id, start_date, end_date) values (24,9,'2018-04-18','2018-04-21');
insert into work_on (ticket_id, emp_id, start_date, end_date) values (25,8,'2018-04-20','2018-04-23');
insert into work_on (ticket_id, emp_id, start_date, end_date) values (26,7,'2018-04-23','2018-04-26');
insert into work_on (ticket_id, emp_id, start_date, end_date) values (27,23,'2018-04-26','2018-04-29');
insert into work_on (ticket_id, emp_id, start_date, end_date) values (28,5,'2018-04-25','2018-04-28');
insert into work_on (ticket_id, emp_id, start_date, end_date) values (29,4,'2018-04-28','2018-05-01');
insert into work_on (ticket_id, emp_id, start_date, end_date) values (30,3,'2018-04-27','2018-04-30');
insert into work_on (ticket_id, emp_id, start_date, end_date) values (1,7,'2018-04-28', '2018-04-30');
insert into work_on (ticket_id, emp_id, start_date, end_date) values (2,9,'2018-04-28', '2018-04-29');
insert into work_on (ticket_id, emp_id, start_date, end_date) values (31,2,'2018-04-28', '2018-04-30');



insert into manufacturer (mnfr_name, mnfr_phone, mnfr_addr, mnfr_city, mnfr_state, mnfr_zip) values ('COOLER MASTER CO.', '408-432-4050', '780 Montague EXPY STE 208', 'San Jose', 'CA', '95131');
insert into manufacturer (mnfr_name, mnfr_phone, mnfr_addr, mnfr_city, mnfr_state, mnfr_zip) values ('MICRO-STAR INTERNATIONAL', '626-913-0828','901 Canada Court', 'City of Industry', 'CA', '91478');
insert into manufacturer (mnfr_name, mnfr_phone, mnfr_addr, mnfr_city, mnfr_state, mnfr_zip) values ('INTEL CORPORATION', '408-765-8080','2200 Mission College Blvd.', 'Santa Clara', 'CA', '95054');
insert into manufacturer (mnfr_name, mnfr_phone, mnfr_addr, mnfr_city, mnfr_state, mnfr_zip) values ('ASUSTEK COMPUTER INC.', '510-739-3777','800 Corporate Way', 'Fremont', 'CA', '94539');
insert into manufacturer (mnfr_name, mnfr_phone, mnfr_addr, mnfr_city, mnfr_state, mnfr_zip) values ('EVGA CORP', '714-528-4500','408 Saturn St', 'Brea', 'CA', '92821');
insert into manufacturer (mnfr_name, mnfr_phone, mnfr_addr, mnfr_city, mnfr_state, mnfr_zip) values ('GIGABYTE TECHNOLOGY', '626-854-9338','17358 Railroad St', 'City of Industry', 'CA', '91748');
insert into manufacturer (mnfr_name, mnfr_phone, mnfr_addr, mnfr_city, mnfr_state, mnfr_zip) values ('ADVANCED MICRO DEVICES', '408-749-4000','2485 Augustine Drive', 'Santa Clara', 'CA', '95405');
insert into manufacturer (mnfr_name, mnfr_phone, mnfr_addr, mnfr_city, mnfr_state, mnfr_zip) values ('WESTERN DIGITAL', '408-717-6000','5601 Great Oaks Parkway', 'San Jose', 'CA', '95119');
insert into manufacturer (mnfr_name, mnfr_phone, mnfr_addr, mnfr_city, mnfr_state, mnfr_zip) values ('CORSAIR COMPONENTS INC.', '408-717-6000','47100 Bayside Parkway', 'Fremont', 'CA', '94538');
insert into manufacturer (mnfr_name, mnfr_phone, mnfr_addr, mnfr_city, mnfr_state, mnfr_zip) values ('SEASONIC ELECTRONICS INC.', '626-969-9966','1330 Mountain View Circle, BLDG F', 'Azusa', 'CA', '91702');
insert into manufacturer (mnfr_name, mnfr_phone, mnfr_addr, mnfr_city, mnfr_state, mnfr_zip) values ('SAMSUNG ELECTRONICS INC', '201-229-4000','85 Challenger Road', 'Ridgefield Park', 'NJ', '07660');
insert into manufacturer (mnfr_name, mnfr_phone, mnfr_addr, mnfr_city, mnfr_state, mnfr_zip) values ('SEAGATE TECHNOLOGY', '408-658-1000','10200 S De Anza Blvd', 'Cupertino', 'CA', '95014');
insert into manufacturer (mnfr_name, mnfr_phone, mnfr_addr, mnfr_city, mnfr_state, mnfr_zip) values ('ADATA TECHNOLOGY', '714-332-8708','880 Columbia St.', 'Brea', 'CA', '92821');
insert into manufacturer (mnfr_name, mnfr_phone, mnfr_addr, mnfr_city, mnfr_state, mnfr_zip) values ('GOLDEN EMPEROR INTERNATION LTD.', '909-843-6547','20955 Pathfinder Road Suite 100', 'Diamond Bar', 'CA', '91765');
insert into manufacturer (mnfr_name, mnfr_phone, mnfr_addr, mnfr_city, mnfr_state, mnfr_zip) values ('HEWLETT-PACKARD', '858-655-4100','16399 Bernardo Center Dr #66', 'San Diego', 'CA', '92127');
insert into manufacturer (mnfr_name, mnfr_phone, mnfr_addr, mnfr_city, mnfr_state, mnfr_zip) values ('ACER CORPORATION AMERICA', '408-533-7700','333 West San Carlos Street Suite 1500', 'San Jose', 'CA', '95110');
insert into manufacturer (mnfr_name, mnfr_phone, mnfr_addr, mnfr_city, mnfr_state, mnfr_zip) values ('MICROSOFT CORPORATION', '425-882-8080','1 Microsoft Way', 'Redmond', 'WA', '98052');

insert into part_info (mnfr_id, model_name, part_type) values (2, 'X370 XPOWER GAMING TITANIUM', 'MB');
insert into part_info (mnfr_id, model_name, part_type) values (1, 'MASTERWATT LITE 500', 'PSU');
insert into part_info (mnfr_id, model_name, part_type) values (3, 'CORE I5-8600K', 'CPU');
insert into part_info (mnfr_id, model_name, part_type) values (6, 'GTX 1050 TI G1 GAMING', 'GPU');
insert into part_info (mnfr_id, model_name, part_type) values (5, 'GTX 1080 TI SC BLACK EDITION', 'GPU');
insert into part_info (mnfr_id, model_name, part_type) values (4, 'MAXIMUS VIII HERO', 'MB');
insert into part_info (mnfr_id, model_name, part_type) values (10, 'M12II 520 BRONZE', 'PSU');
insert into part_info (mnfr_id, model_name, part_type) values (9, 'RM850X', 'PSU');
insert into part_info (mnfr_id, model_name, part_type) values (11, '850 EVO 500GB', 'SSD');
insert into part_info (mnfr_id, model_name, part_type) values (7, 'RYZEN 5 1600', 'CPU');
insert into part_info (mnfr_id, model_name, part_type) values (7, 'THREADRIPPER 1950X', 'CPU');
insert into part_info (mnfr_id, model_name, part_type) values (8, 'CAVIAR BLUE 1TB', 'HDD');
insert into part_info (mnfr_id, model_name, part_type) values (16, 'G257HL BMIDX', 'MONITOR');
insert into part_info (mnfr_id, model_name, part_type) values (15, 'SE2717HR', 'MONITOR');
insert into part_info (mnfr_id, model_name, part_type) values (14, 'SUPER LUCE RGB SYNC', 'RAM');
insert into part_info (mnfr_id, model_name, part_type) values (13, 'XPG Z1', 'RAM');
insert into part_info (mnfr_id, model_name, part_type) values (12, 'BARRACUDA 3TB', 'HDD');
insert into part_info (mnfr_id, model_name, part_type) values (17, 'WINDOWS 10 HOME', 'SW');

insert into part (ticket_id, model_id, serial_num, part_price) values (1, 2, 'AQ4P-5RNQ-ZBDH-B76L', 105.14);
insert into part (ticket_id, model_id, serial_num, part_price) values (3, 1, 'NMXF-WGXG-D24B-YUQR', 255.58);
insert into part (ticket_id, model_id, serial_num, part_price) values (4, 12, 'Z3XB-4EEA-PCEN-HUWS', 60.79);
insert into part (ticket_id, model_id, serial_num, part_price) values (5, 4, '98SG-84TT-ZWEE-N8SS', 155.27);
insert into part (ticket_id, model_id, serial_num, part_price) values (6, 17, 'TALY-7WP9-BLPK-LGY4', 85.99);
insert into part (ticket_id, model_id, serial_num, part_price) values (7, 9, 'TS6E-4FAX-4S6R-UDL7', 129.55);
insert into part (ticket_id, model_id, serial_num, part_price) values (8, 7, 'GEJT-ZHU7-WT83-PR8A', 55.99);
insert into part (ticket_id, model_id, serial_num, part_price) values (10, 6, 'JMYH-TSEJ-4WRR-RC9B', 178.99);
insert into part (ticket_id, model_id, serial_num, part_price) values (11, 17, '8CU4-9KHQ-QH44-DFNL', 102.08);
insert into part (ticket_id, model_id, serial_num, part_price) values (12, 5, 'C29M-39BQ-FLGJ-97KB', 799.15);
insert into part (ticket_id, model_id, serial_num, part_price) values (13, 12, 'X4ME-W78U-JNXQ-YF96', 66.99);
insert into part (ticket_id, model_id, serial_num, part_price) values (14, 17, 'VK6Z-G4EE-U2UG-L7PS', 105.14);
insert into part (ticket_id, model_id, serial_num, part_price) values (17, 6, 'C44U-YMLR-BH6P-7TYU', 102.19);
insert into part (ticket_id, model_id, serial_num, part_price) values (18, 12, 'TL9R-4SA4-CUDJ-26DH', 65.54);
insert into part (ticket_id, model_id, serial_num, part_price) values (19, 4, 'YC85-YYX2-RR68-VVBW', 135.94);
insert into part (ticket_id, model_id, serial_num, part_price) values (20, 17, 'G4EP-QA3A-FQZV-Y3HH', 109.24);
insert into part (ticket_id, model_id, serial_num, part_price) values (24, 1, '9RLX-6XH4-EZA6-4RRK', 245.99);
insert into part (ticket_id, model_id, serial_num, part_price) values (25, 9, '7MXY-HXEK-ZS43-ZJWU', 125.25);
insert into part (ticket_id, model_id, serial_num, part_price) values (26, 5, 'HPU3-J34J-E5LY-GN9J', 805.37);
insert into part (ticket_id, model_id, serial_num, part_price) values (27, 9, '9YGV-WMJH-MMWF-WQNU', 125.25);
insert into part (ticket_id, model_id, serial_num, part_price) values (29, 7, 'EKB2-GM28-62WS-SJLC', 50.29);
insert into part (ticket_id, model_id, serial_num, part_price) values (31, 18, 'EKWB-FX28-78WS-MXPW', 120.95);
insert into part (ticket_id, model_id, serial_num, part_price) values (10, 17, 'JMYH-TSEJ-4WRR-RC9B', 178.99);
insert into part (ticket_id, model_id, serial_num, part_price) values (10, 2, 'AQ4P-5RNQ-ZBDH-B76L', 105.14);
insert into part (ticket_id, model_id, serial_num, part_price) values (11, 1, 'NMXF-WGXG-D24B-YUQR', 255.58);
insert into part (ticket_id, model_id, serial_num, part_price) values (13, 12, 'Z3XB-4EEA-PCEN-HUWS', 60.79);
insert into part (ticket_id, model_id, serial_num, part_price) values (14, 4, '98SG-84TT-ZWEE-N8SS', 155.27);
insert into part (ticket_id, model_id, serial_num, part_price) values (24, 17, 'TALY-7WP9-BLPK-LGY4', 85.99);
insert into part (ticket_id, model_id, serial_num, part_price) values (25, 9, 'TS6E-4FAX-4S6R-UDL7', 129.55);
insert into part (ticket_id, model_id, serial_num, part_price) values (26, 7, 'GEJT-ZHU7-WT83-PR8A', 55.99);
insert into part (ticket_id, model_id, serial_num, part_price) values (27, 6, 'JMYH-TSEJ-4WRR-RC9B', 178.99);
insert into part (ticket_id, model_id, serial_num, part_price) values (29, 17, '8CU4-9KHQ-QH44-DFNL', 102.08);
insert into part (ticket_id, model_id, serial_num, part_price) values (30, 6,  '1234-1234-1234', 129.99);
insert into part (ticket_id, model_id, serial_num, part_price) values (30, 11, '4444-1234-1234', 159.99);